{
  "evaluated_at": "2025-10-30T08:40:29.520912",
  "test_size_days": 7,
  "metrics_calculated": [
    "MASE",
    "RMSE",
    "MAE",
    "MAPE"
  ],
  "per_product_metrics": {
    "BLACK VELVET": {
      "RMSE": 1206.423335066662,
      "MAE": 1052.2434487165033,
      "MAPE": 28.739058988915527,
      "MASE": 0.5566689320018533
    },
    "FIREBALL CINNAMON WHISKEY": {
      "RMSE": 2070.1638802414764,
      "MAE": 1890.8978409072101,
      "MAPE": 17.097979257853556,
      "MASE": 0.5852813869557255
    },
    "HAWKEYE VODKA": {
      "RMSE": 527.6403618521779,
      "MAE": 465.56718510773226,
      "MAPE": 19.181871549690573,
      "MASE": 0.7759453085128871
    },
    "TITOS HANDMADE VODKA": {
      "RMSE": 3260.8185494580075,
      "MAE": 2828.499038023868,
      "MAPE": 42.714031616252015,
      "MASE": 0.5537390442489952
    },
    "FIVE O'CLOCK VODKA": {
      "RMSE": 140.57383125517845,
      "MAE": 116.99993500143793,
      "MAPE": 13.815915576229932,
      "MASE": 0.9194493909739719
    }
  },
  "overall_metrics": {
    "MASE": {
      "mean": 0.6782168125386867,
      "std": 0.14604767113075093,
      "min": 0.5537390442489952,
      "max": 0.9194493909739719
    },
    "RMSE": {
      "mean": 1441.1239915747005,
      "std": 1121.4229286908223,
      "min": 140.57383125517845,
      "max": 3260.8185494580075
    },
    "MAE": {
      "mean": 1270.8414895513502,
      "std": 983.7041281839066,
      "min": 116.99993500143793,
      "max": 2828.499038023868
    },
    "MAPE": {
      "mean": 24.309771397788317,
      "std": 10.457166877115803,
      "min": 13.815915576229932,
      "max": 42.714031616252015
    }
  }
}